,Panel ID,R,F,M,RFM
0,Panel 101011101,2,3,4,234
1,Panel 101016101,3,2,1,321
2,Panel 101019101,4,3,3,433
3,Panel 101024101,4,4,2,442
4,Panel 105009103,4,4,2,442
5,Panel 105017101,4,4,1,441
6,Panel 105021106,4,4,4,444
7,Panel 105027101,2,3,2,232
8,Panel 105031104,4,3,3,433
9,Panel 105043101,4,4,4,444
10,Panel 105044101,4,3,2,432
11,Panel 105046101,4,4,3,443
12,Panel 105048101,4,2,2,422
13,Panel 105052101,4,4,4,444
14,Panel 105055101,4,4,2,442
15,Panel 105058101,4,3,2,432
16,Panel 105065101,3,4,2,342
17,Panel 105066101,3,3,1,331
18,Panel 106003101,4,4,4,444
19,Panel 106004101,2,2,2,222
20,Panel 106006101,4,4,1,441
21,Panel 106012101,4,4,3,443
22,Panel 106014103,4,3,4,434
23,Panel 106016101,4,3,3,433
24,Panel 106023104,3,3,3,333
25,Panel 106024101,1,1,1,111
26,Panel 106059101,4,3,3,433
27,Panel 106061101,4,4,3,443
28,Panel 106065101,3,2,2,322
29,Panel 106067102,4,4,2,442
30,Panel 106077101,3,4,4,344
31,Panel 106081101,4,4,2,442
32,Panel 106082101,4,3,2,432
33,Panel 106097101,4,4,2,442
34,Panel 107007102,3,3,2,332
35,Panel 107009103,2,3,2,232
36,Panel 107015101,3,2,3,323
37,Panel 107024101,3,3,1,331
38,Panel 107025101,4,4,3,443
39,Panel 107030101,3,3,3,333
40,Panel 107032101,3,3,1,331
41,Panel 107037101,1,2,2,122
42,Panel 107039101,4,3,1,431
43,Panel 107040101,4,3,1,431
44,Panel 107041101,2,2,2,222
45,Panel 107047101,4,4,3,443
46,Panel 107049101,2,3,1,231
47,Panel 107050101,4,2,2,422
48,Panel 108008103,4,4,3,443
49,Panel 108009101,4,4,3,443
50,Panel 108023101,2,2,2,222
51,Panel 108031101,4,2,3,423
52,Panel 108032101,4,3,3,433
53,Panel 108040101,1,2,1,121
54,Panel 108044105,4,3,3,433
55,Panel 108052110,4,3,2,432
56,Panel 108058101,4,3,3,433
57,Panel 109012101,3,3,3,333
58,Panel 109013101,4,4,3,443
59,Panel 109016101,4,4,3,443
60,Panel 109017101,3,4,2,342
61,Panel 109024101,4,4,3,443
62,Panel 109030101,4,4,4,444
63,Panel 109037101,4,4,3,443
64,Panel 109040101,4,4,4,444
65,Panel 109045101,2,1,1,211
66,Panel 109050101,4,2,2,422
67,Panel 110010101,4,3,3,433
68,Panel 110013101,4,4,4,444
69,Panel 110029101,4,4,4,444
70,Panel 110037101,4,4,3,443
71,Panel 110053101,4,4,1,441
72,Panel 110056101,3,2,1,321
73,Panel 110057101,4,4,4,444
74,Panel 110058101,4,3,4,434
75,Panel 110062101,1,1,1,111
76,Panel 110063101,4,1,1,411
77,Panel 110065101,3,3,3,333
78,Panel 111008101,2,2,1,221
79,Panel 111009101,4,3,3,433
80,Panel 111010101,3,4,4,344
81,Panel 111014101,4,3,1,431
82,Panel 111015101,4,3,4,434
83,Panel 111016101,4,4,2,442
84,Panel 112011101,4,4,2,442
85,Panel 112015101,2,3,2,232
86,Panel 112020101,4,4,2,442
87,Panel 112028101,4,4,4,444
88,Panel 113006101,2,1,1,211
89,Panel 113007101,4,4,2,442
90,Panel 114002101,4,4,4,444
91,Panel 115002101,4,4,2,442
92,Panel 117001101,3,4,1,341
93,Panel 117005101,3,2,1,321
94,Panel 117006101,4,2,4,424
95,Panel 117007101,4,4,3,443
96,Panel 117008101,3,3,3,333
97,Panel 117009101,1,1,1,111
98,Panel 117012101,4,2,1,421
99,Panel 121065102,4,3,2,432
100,Panel 121067101,4,4,3,443
101,Panel 121076101,4,3,3,433
102,Panel 121078101,4,4,4,444
103,Panel 121080101,4,4,1,441
104,Panel 122001101,4,4,3,443
105,Panel 122008104,4,3,4,434
106,Panel 122010101,4,4,3,443
107,Panel 123012101,4,2,4,424
108,Panel 124032101,4,4,3,443
109,Panel 124035101,4,2,1,421
110,Panel 124039101,4,4,3,443
111,Panel 125010101,2,2,2,222
112,Panel 125018101,4,3,1,431
113,Panel 125020101,4,4,3,443
114,Panel 125022101,4,4,4,444
115,Panel 125023101,4,3,3,433
116,Panel 125027101,2,1,1,211
117,Panel 125028101,2,1,4,214
118,Panel 125031101,4,4,2,442
119,Panel 129003101,3,3,1,331
120,Panel 129006101,4,2,1,421
121,Panel 129007101,1,1,2,112
122,Panel 129017101,4,2,2,422
123,Panel 129018101,2,1,1,211
124,Panel 129019101,4,4,2,442
125,Panel 130005101,4,4,2,442
126,Panel 130012101,4,4,1,441
127,Panel 131016101,4,2,1,421
128,Panel 131017102,4,4,2,442
129,Panel 132002105,2,2,1,221
130,Panel 132009103,4,4,3,443
131,Panel 132011101,4,3,2,432
132,Panel 132016101,2,2,1,221
133,Panel 132018101,4,4,2,442
134,Panel 132019101,4,2,1,421
135,Panel 132021101,4,4,3,443
136,Panel 132022101,3,3,1,331
137,Panel 132025107,4,3,3,433
138,Panel 132033101,4,4,2,442
139,Panel 132037101,4,4,2,442
140,Panel 132045101,4,4,2,442
141,Panel 132052102,4,4,2,442
142,Panel 132054101,3,4,2,342
143,Panel 132061101,4,3,3,433
144,Panel 132064101,4,4,1,441
145,Panel 132070101,4,4,2,442
146,Panel 132079101,3,3,4,334
147,Panel 132080101,4,4,4,444
148,Panel 132084101,2,3,2,232
149,Panel 133006101,4,4,4,444
150,Panel 133014101,4,4,3,443
151,Panel 133029102,4,3,3,433
152,Panel 133031101,4,3,2,432
153,Panel 133039101,3,3,1,331
154,Panel 133040101,4,3,2,432
155,Panel 133045101,1,1,1,111
156,Panel 133052101,4,4,1,441
157,Panel 133056101,4,4,3,443
158,Panel 133057101,3,1,1,311
159,Panel 133065101,4,3,2,432
160,Panel 133067101,4,4,4,444
161,Panel 133076101,2,2,2,222
162,Panel 133088101,4,4,2,442
163,Panel 133089101,4,2,1,421
164,Panel 133097101,4,4,4,444
165,Panel 133101101,3,2,2,322
166,Panel 133112101,4,4,4,444
167,Panel 133122101,4,4,1,441
168,Panel 133123101,3,3,4,334
169,Panel 133135101,2,2,2,222
170,Panel 136002101,4,4,3,443
171,Panel 136011101,4,3,1,431
172,Panel 136012101,3,4,2,342
173,Panel 136014101,4,4,3,443
174,Panel 136016101,3,3,1,331
175,Panel 136048101,4,3,2,432
176,Panel 136051101,4,4,4,444
177,Panel 136059101,4,3,1,431
178,Panel 136066101,4,4,2,442
179,Panel 136068101,4,3,4,434
180,Panel 136072101,4,3,2,432
181,Panel 136073101,2,3,3,233
182,Panel 136076101,4,4,4,444
183,Panel 136078101,4,4,3,443
184,Panel 136084101,4,2,1,421
185,Panel 136089101,4,2,2,422
186,Panel 137002101,4,4,4,444
187,Panel 137006101,4,3,3,433
188,Panel 137008101,4,4,4,444
189,Panel 137014101,4,3,3,433
190,Panel 137018101,4,4,2,442
191,Panel 137025101,4,2,2,422
192,Panel 137027101,3,3,4,334
193,Panel 137029101,3,3,2,332
194,Panel 137033101,4,2,3,423
195,Panel 137034101,2,3,2,232
196,Panel 137036101,4,4,1,441
197,Panel 137040101,4,3,1,431
198,Panel 138001101,2,2,2,222
199,Panel 138007101,4,3,1,431
200,Panel 138008101,4,4,2,442
201,Panel 138014101,4,4,4,444
202,Panel 138015101,4,4,3,443
203,Panel 138017101,4,4,3,443
204,Panel 138020101,4,4,1,441
205,Panel 138030103,4,4,2,442
206,Panel 138034101,4,4,2,442
207,Panel 138039101,4,4,4,444
208,Panel 138040101,4,2,1,421
209,Panel 138045101,4,3,2,432
210,Panel 138051101,3,3,3,333
211,Panel 138053101,4,2,1,421
212,Panel 138054101,4,4,4,444
213,Panel 138056101,4,4,3,443
214,Panel 138060101,4,4,4,444
215,Panel 138065101,4,3,2,432
216,Panel 138067101,4,1,1,411
217,Panel 139001103,4,4,4,444
218,Panel 139003101,4,4,2,442
219,Panel 139007101,4,4,3,443
220,Panel 139013101,3,2,1,321
221,Panel 139014101,4,4,4,444
222,Panel 139016101,4,4,4,444
223,Panel 139020101,4,4,3,443
224,Panel 139024101,4,4,4,444
225,Panel 139037101,4,4,3,443
226,Panel 139039101,4,2,2,422
227,Panel 140009101,4,3,2,432
228,Panel 140011101,4,3,4,434
229,Panel 140021101,4,2,2,422
230,Panel 140023101,3,4,4,344
231,Panel 141001111,3,1,3,313
232,Panel 141014101,4,4,4,444
233,Panel 141019101,4,4,4,444
234,Panel 142002101,4,4,4,444
235,Panel 142003112,4,2,1,421
236,Panel 142031101,4,4,3,443
237,Panel 142042101,3,2,1,321
238,Panel 142048101,3,4,1,341
239,Panel 142049101,4,4,4,444
240,Panel 142051101,4,3,4,434
241,Panel 142054101,4,3,2,432
242,Panel 152008101,4,3,2,432
243,Panel 152009102,4,3,3,433
244,Panel 152015101,4,3,3,433
245,Panel 152023101,4,4,4,444
246,Panel 152046101,4,4,3,443
247,Panel 152074101,4,4,4,444
248,Panel 152077101,2,2,1,221
249,Panel 152079101,4,4,3,443
250,Panel 153015101,4,4,4,444
251,Panel 156005101,3,4,2,342
252,Panel 156009101,4,4,1,441
253,Panel 156011101,4,3,1,431
254,Panel 156015101,4,4,1,441
255,Panel 156027101,4,4,4,444
256,Panel 156040101,4,4,4,444
257,Panel 156046101,4,3,1,431
258,Panel 156049101,4,4,1,441
259,Panel 156051101,3,4,2,342
260,Panel 156053101,3,3,3,333
261,Panel 156056101,4,4,4,444
262,Panel 156057101,4,4,4,444
263,Panel 156068101,4,4,4,444
264,Panel 156071101,4,2,3,423
265,Panel 156076101,4,2,2,422
266,Panel 156078101,4,4,3,443
267,Panel 156079101,4,3,1,431
268,Panel 156081101,4,4,4,444
269,Panel 156084101,4,4,3,443
270,Panel 156091101,2,2,2,222
271,Panel 156097101,1,1,1,111
272,Panel 156098101,4,4,3,443
273,Panel 156104101,4,3,2,432
274,Panel 156105101,4,4,4,444
275,Panel 156107101,4,4,1,441
276,Panel 156110101,3,3,1,331
277,Panel 156118101,2,1,1,211
278,Panel 156119101,4,4,3,443
279,Panel 156120101,4,4,1,441
280,Panel 156123101,4,4,2,442
281,Panel 156131101,4,4,3,443
282,Panel 156138101,4,4,4,444
283,Panel 156151101,3,2,2,322
284,Panel 156159101,4,3,3,433
285,Panel 157002101,4,3,3,433
286,Panel 157003101,4,4,3,443
287,Panel 157004101,4,3,1,431
288,Panel 157013101,3,3,3,333
289,Panel 157023101,4,4,1,441
290,Panel 157026101,4,4,3,443
291,Panel 157034101,4,4,2,442
292,Panel 157036101,4,3,1,431
293,Panel 157038101,4,4,3,443
294,Panel 157043101,4,4,2,442
295,Panel 157044102,1,2,1,121
296,Panel 157051101,4,4,1,441
297,Panel 157057101,4,3,2,432
298,Panel 157059101,4,1,1,411
299,Panel 157065101,4,4,1,441
300,Panel 157071101,3,3,3,333
301,Panel 157072104,4,4,1,441
302,Panel 157076101,4,4,2,442
303,Panel 157086101,3,4,3,343
304,Panel 157091102,4,4,4,444
305,Panel 157092101,4,3,3,433
306,Panel 157097101,4,4,4,444
307,Panel 157099101,4,4,2,442
308,Panel 157102101,4,3,3,433
309,Panel 157110101,4,3,2,432
310,Panel 157111101,3,4,4,344
311,Panel 157112101,4,3,3,433
312,Panel 157113101,4,2,2,422
313,Panel 157115101,4,4,2,442
314,Panel 157117101,4,4,1,441
315,Panel 157121101,1,1,1,111
316,Panel 157124101,4,4,3,443
317,Panel 157126101,4,4,1,441
318,Panel 157128101,4,4,2,442
319,Panel 158001101,4,3,1,431
320,Panel 158007101,4,4,1,441
321,Panel 158009101,4,4,1,441
322,Panel 158010101,3,3,1,331
323,Panel 158014101,4,2,2,422
324,Panel 158018101,4,2,3,423
325,Panel 158020101,4,4,3,443
326,Panel 158023101,4,4,4,444
327,Panel 158024101,4,3,2,432
328,Panel 158025101,4,4,3,443
329,Panel 158028102,4,4,4,444
330,Panel 159014101,4,4,1,441
331,Panel 159015102,4,3,3,433
332,Panel 160012101,4,4,3,443
333,Panel 160015101,4,4,3,443
334,Panel 160016101,3,2,1,321
335,Panel 160020101,4,2,3,423
336,Panel 160023101,4,4,4,444
337,Panel 161001101,4,3,4,434
338,Panel 161012101,2,3,4,234
339,Panel 161034101,3,4,3,343
340,Panel 161035101,4,4,4,444
341,Panel 161037101,4,3,1,431
342,Panel 161040101,2,3,2,232
343,Panel 162001101,2,3,1,231
344,Panel 162009101,3,4,4,344
345,Panel 162011102,1,1,1,111
346,Panel 164002101,4,3,1,431
347,Panel 164006101,4,4,3,443
348,Panel 165007101,4,3,1,431
349,Panel 166005101,4,2,4,424
350,Panel 166010101,4,2,1,421
351,Panel 166015101,4,4,1,441
352,Panel 168003101,4,4,3,443
353,Panel 168007101,4,4,1,441
354,Panel 168010101,4,4,4,444
355,Panel 169009101,3,4,4,344
356,Panel 169010101,4,4,4,444
357,Panel 169015101,3,2,1,321
358,Panel 170015101,4,4,4,444
359,Panel 171009101,3,4,3,343
360,Panel 171014101,4,3,1,431
361,Panel 174003101,3,3,1,331
362,Panel 174009101,4,3,3,433
363,Panel 174016101,4,4,3,443
364,Panel 174029101,4,4,2,442
365,Panel 174041101,4,4,3,443
366,Panel 174043101,4,3,1,431
367,Panel 174085103,4,4,4,444
368,Panel 174103101,3,4,3,343
369,Panel 174110101,4,4,2,442
370,Panel 174113101,4,2,1,421
371,Panel 174114101,3,3,2,332
372,Panel 174120101,4,4,4,444
373,Panel 174131101,4,4,3,443
374,Panel 174132101,4,2,1,421
375,Panel 174136101,4,4,3,443
376,Panel 174140101,4,4,1,441
377,Panel 174142101,4,4,4,444
378,Panel 174148101,4,4,4,444
379,Panel 174154101,4,4,4,444
380,Panel 174159102,4,4,3,443
381,Panel 174163101,3,3,3,333
382,Panel 174164101,4,4,1,441
383,Panel 174170101,2,1,1,211
384,Panel 174171101,4,4,4,444
385,Panel 174180101,4,3,1,431
386,Panel 174181101,2,3,2,232
387,Panel 174183101,4,4,3,443
388,Panel 174188101,4,4,2,442
389,Panel 174209101,4,3,3,433
390,Panel 174219101,4,1,4,414
391,Panel 174221101,4,4,4,444
392,Panel 174226101,1,1,2,112
393,Panel 174227101,2,2,1,221
394,Panel 174242101,4,4,3,443
395,Panel 182003101,4,4,4,444
396,Panel 182011101,4,4,3,443
397,Panel 182014101,4,2,4,424
398,Panel 182019101,3,2,1,321
399,Panel 182021101,4,4,2,442
400,Panel 183004101,4,4,1,441
401,Panel 183010101,3,2,1,321
402,Panel 184006106,4,4,1,441
403,Panel 184011105,4,3,2,432
404,Panel 184019101,4,2,1,421
405,Panel 184021101,4,4,4,444
406,Panel 184026101,4,4,3,443
407,Panel 184028101,4,4,4,444
408,Panel 184033101,1,1,1,111
409,Panel 184036101,4,4,3,443
410,Panel 184040101,4,4,3,443
411,Panel 185008101,4,4,4,444
412,Panel 185026101,4,4,3,443
413,Panel 186009103,4,4,4,444
414,Panel 186015101,3,2,2,322
415,Panel 186018103,4,4,3,443
416,Panel 186025101,4,3,4,434
417,Panel 187011101,4,4,2,442
418,Panel 187021101,2,3,2,232
419,Panel 187029101,4,4,4,444
420,Panel 187043101,3,3,1,331
421,Panel 187047101,4,3,2,432
422,Panel 188001101,4,3,2,432
423,Panel 189003101,4,2,1,421
424,Panel 189025101,4,3,4,434
425,Panel 189029101,4,4,2,442
426,Panel 189036101,4,4,4,444
427,Panel 189067101,3,3,2,332
428,Panel 189071101,4,4,4,444
429,Panel 189080101,4,3,3,433
430,Panel 189083101,4,4,3,443
431,Panel 201019101,3,2,1,321
432,Panel 201067101,4,4,3,443
433,Panel 201075101,4,3,3,433
434,Panel 201078101,1,2,3,123
435,Panel 201085101,4,4,4,444
436,Panel 201121101,4,4,3,443
437,Panel 201127101,1,1,1,111
438,Panel 201128101,4,4,4,444
439,Panel 201133101,4,4,1,441
440,Panel 201139101,3,2,2,322
441,Panel 201147101,4,3,1,431
442,Panel 201151101,4,2,1,421
443,Panel 201156101,3,4,3,343
444,Panel 201164101,2,2,3,223
445,Panel 201166101,4,1,2,412
446,Panel 201176101,4,4,4,444
447,Panel 201186101,4,4,4,444
448,Panel 201194101,4,4,2,442
449,Panel 201196101,4,4,4,444
450,Panel 201204101,4,4,4,444
451,Panel 201212101,4,4,3,443
452,Panel 201213101,4,2,2,422
453,Panel 202005101,4,4,4,444
454,Panel 202006101,3,3,2,332
455,Panel 202015101,4,3,3,433
456,Panel 202018101,3,3,4,334
457,Panel 202046103,4,4,3,443
458,Panel 202054101,4,4,3,443
459,Panel 202088101,4,4,3,443
460,Panel 202090101,3,3,3,333
461,Panel 202093101,4,4,2,442
462,Panel 202097101,4,4,4,444
463,Panel 202112101,4,4,4,444
464,Panel 202113101,4,4,3,443
465,Panel 202121101,4,4,4,444
466,Panel 202122102,4,2,2,422
467,Panel 202137101,4,4,3,443
468,Panel 202142101,4,3,4,434
469,Panel 202153101,4,4,3,443
470,Panel 202160101,1,1,1,111
471,Panel 202168101,4,4,4,444
472,Panel 202171101,4,4,2,442
473,Panel 202178101,4,4,4,444
474,Panel 202181102,4,4,2,442
475,Panel 202201101,4,3,3,433
476,Panel 202206101,1,1,1,111
477,Panel 202208101,4,1,1,411
478,Panel 202231101,4,3,3,433
479,Panel 202236101,4,4,4,444
480,Panel 202237101,4,4,4,444
481,Panel 202244101,4,3,2,432
482,Panel 202246101,4,3,2,432
483,Panel 202250101,4,2,2,422
484,Panel 202264101,3,2,4,324
485,Panel 202268101,4,4,2,442
486,Panel 203007101,2,2,2,222
487,Panel 203017101,4,4,3,443
488,Panel 203020101,4,4,2,442
489,Panel 203023101,4,4,4,444
490,Panel 203042105,4,4,4,444
491,Panel 203044101,3,4,4,344
492,Panel 203049101,4,4,2,442
493,Panel 203054101,4,2,2,422
494,Panel 203072101,3,4,4,344
495,Panel 203074101,4,3,3,433
496,Panel 203081101,4,4,4,444
497,Panel 203090101,4,4,2,442
498,Panel 203095101,4,3,2,432
499,Panel 203108101,4,4,3,443
500,Panel 203109102,4,2,3,423
501,Panel 203116101,4,3,1,431
502,Panel 203119101,4,4,4,444
503,Panel 203123101,4,2,1,421
504,Panel 203131101,4,4,4,444
505,Panel 203136101,4,4,3,443
506,Panel 203139101,4,4,2,442
507,Panel 203147101,4,4,3,443
508,Panel 203159101,2,3,1,231
509,Panel 203168102,3,4,2,342
510,Panel 204003101,4,4,4,444
511,Panel 204005101,3,3,2,332
512,Panel 204025103,4,4,2,442
513,Panel 204027104,4,3,2,432
514,Panel 204037103,4,4,4,444
515,Panel 204038101,4,4,4,444
516,Panel 204053101,4,3,2,432
517,Panel 204057101,4,4,4,444
518,Panel 204062101,4,4,3,443
519,Panel 204064101,3,2,3,323
520,Panel 204074101,4,2,3,423
521,Panel 204075101,3,2,1,321
522,Panel 204076101,4,3,4,434
523,Panel 204090101,4,4,4,444
524,Panel 204091101,4,4,3,443
525,Panel 204106101,4,4,3,443
526,Panel 205002101,3,3,4,334
527,Panel 205005101,3,1,1,311
528,Panel 205006101,4,2,2,422
529,Panel 205007101,4,3,1,431
530,Panel 205017101,4,4,2,442
531,Panel 205041101,3,2,1,321
532,Panel 205049101,4,3,4,434
533,Panel 205072101,4,4,2,442
534,Panel 205088101,3,2,1,321
535,Panel 205110101,4,4,1,441
536,Panel 205112101,3,4,3,343
537,Panel 205113101,4,2,2,422
538,Panel 206013101,2,3,1,231
539,Panel 206016101,3,3,1,331
540,Panel 206027101,4,4,2,442
541,Panel 206034101,2,2,1,221
542,Panel 206035101,3,1,3,313
543,Panel 206036101,4,4,2,442
544,Panel 206041101,4,4,4,444
545,Panel 206054101,3,4,4,344
546,Panel 206056101,4,4,3,443
547,Panel 206073101,4,4,3,443
548,Panel 206077101,2,3,2,232
549,Panel 206079101,4,3,3,433
550,Panel 206085101,3,4,3,343
551,Panel 206089101,4,3,3,433
552,Panel 206092101,4,4,4,444
553,Panel 206096101,4,4,4,444
554,Panel 206102101,4,4,4,444
555,Panel 206103101,4,3,4,434
556,Panel 206111101,4,4,3,443
557,Panel 207008103,4,4,4,444
558,Panel 207015101,4,3,1,431
559,Panel 207018101,4,3,1,431
560,Panel 207024101,2,3,2,232
561,Panel 207033102,1,2,1,121
562,Panel 207034101,3,3,4,334
563,Panel 207035101,2,2,2,222
564,Panel 207040102,4,4,4,444
565,Panel 207045101,4,3,1,431
566,Panel 207048101,4,2,1,421
567,Panel 207049101,4,2,2,422
568,Panel 209004101,4,2,1,421
569,Panel 209010101,4,4,3,443
570,Panel 209014102,2,4,4,244
571,Panel 209032101,4,4,4,444
572,Panel 209053101,4,4,1,441
573,Panel 209066101,3,3,1,331
574,Panel 209069101,4,4,4,444
575,Panel 210001101,4,4,2,442
576,Panel 210008101,4,1,2,412
577,Panel 210012101,4,4,2,442
578,Panel 210016101,4,4,3,443
579,Panel 210032101,4,4,2,442
580,Panel 210043101,4,2,3,423
581,Panel 210044101,3,3,1,331
582,Panel 210050101,1,2,1,121
583,Panel 210064101,4,4,2,442
584,Panel 210070101,4,4,3,443
585,Panel 210083101,4,2,2,422
586,Panel 210097101,2,4,2,242
587,Panel 211005101,4,2,3,423
588,Panel 211013103,4,4,4,444
589,Panel 211041101,3,4,3,343
590,Panel 211043101,3,4,3,343
591,Panel 211046101,4,4,4,444
592,Panel 211048101,2,2,2,222
593,Panel 211069101,4,4,2,442
594,Panel 211073101,4,4,4,444
595,Panel 211074101,4,4,3,443
596,Panel 211094101,4,4,2,442
597,Panel 211096101,4,4,4,444
598,Panel 212016101,4,3,3,433
599,Panel 212019103,4,4,2,442
600,Panel 212038101,4,4,4,444
601,Panel 212044101,4,3,3,433
602,Panel 212065101,4,4,4,444
603,Panel 213003101,4,2,1,421
604,Panel 213006101,4,4,4,444
605,Panel 214003101,4,4,3,443
606,Panel 214009101,4,4,3,443
607,Panel 214016101,4,4,4,444
608,Panel 214018101,4,1,1,411
609,Panel 214024101,4,3,2,432
610,Panel 214040101,2,2,2,222
611,Panel 214044101,4,4,2,442
612,Panel 214048101,4,3,4,434
613,Panel 217016103,2,3,2,232
614,Panel 217017101,4,4,4,444
615,Panel 217018101,4,3,1,431
616,Panel 217030101,4,3,2,432
617,Panel 219010101,4,3,4,434
618,Panel 219012101,4,4,4,444
619,Panel 219015101,4,2,1,421
620,Panel 219021101,4,4,4,444
621,Panel 219023101,3,4,1,341
622,Panel 219031101,4,4,4,444
623,Panel 219036101,4,1,1,411
624,Panel 219037101,3,4,2,342
625,Panel 219045101,4,4,3,443
626,Panel 219054101,4,4,4,444
627,Panel 219063101,4,3,3,433
628,Panel 219067101,4,3,3,433
629,Panel 219081101,4,2,1,421
630,Panel 219084101,3,4,3,343
631,Panel 219087101,3,4,2,342
632,Panel 222008101,4,4,3,443
633,Panel 222012105,3,4,2,342
634,Panel 222013101,3,3,1,331
635,Panel 222018101,4,4,1,441
636,Panel 222019101,4,4,4,444
637,Panel 222023101,3,3,1,331
638,Panel 224018101,3,3,1,331
639,Panel 224029101,4,3,3,433
640,Panel 224039101,4,3,4,434
641,Panel 224051101,2,4,4,244
642,Panel 224079101,3,2,3,323
643,Panel 224080101,3,3,3,333
644,Panel 224081101,3,4,2,342
645,Panel 224086101,4,2,2,422
646,Panel 224088101,3,3,2,332
647,Panel 224098101,4,4,4,444
648,Panel 224100101,4,3,2,432
649,Panel 224106101,4,3,2,432
650,Panel 224112101,4,2,1,421
651,Panel 224116101,3,3,1,331
652,Panel 224117101,4,4,3,443
653,Panel 224124101,4,4,3,443
654,Panel 225002101,4,4,4,444
655,Panel 225016105,4,2,1,421
656,Panel 225027101,4,4,4,444
657,Panel 225036101,4,4,2,442
658,Panel 225040101,4,4,2,442
659,Panel 225048101,4,3,4,434
660,Panel 225051101,4,4,4,444
661,Panel 225053101,3,4,2,342
662,Panel 225066101,4,4,3,443
663,Panel 225074101,4,4,2,442
664,Panel 225077101,4,4,4,444
665,Panel 225092101,4,4,4,444
666,Panel 225094101,4,3,3,433
667,Panel 225097101,4,3,2,432
668,Panel 225106101,3,4,3,343
669,Panel 225110102,4,4,4,444
670,Panel 225111101,4,3,3,433
671,Panel 225126101,3,3,4,334
672,Panel 225129101,4,1,2,412
673,Panel 225133101,1,1,1,111
674,Panel 225141101,4,3,1,431
675,Panel 225144101,4,4,1,441
676,Panel 225145101,4,4,3,443
677,Panel 225150101,4,4,3,443
678,Panel 225161102,3,2,4,324
679,Panel 225163101,4,3,1,431
680,Panel 225179101,4,3,4,434
681,Panel 225198101,3,3,3,333
682,Panel 225204101,4,4,4,444
683,Panel 225223101,1,1,1,111
684,Panel 225225101,3,4,3,343
685,Panel 225230101,4,4,3,443
686,Panel 225238101,4,4,4,444
687,Panel 238001101,4,4,4,444
688,Panel 238003101,4,2,3,423
689,Panel 238010101,3,2,1,321
690,Panel 238022101,2,2,2,222
691,Panel 239009101,3,4,2,342
692,Panel 239011101,4,4,4,444
693,Panel 239038101,4,4,3,443
694,Panel 239044101,4,4,2,442
695,Panel 239048101,4,4,1,441
696,Panel 239052101,3,1,2,312
697,Panel 239065101,4,3,4,434
698,Panel 240026101,4,2,2,422
699,Panel 240032101,3,4,2,342
700,Panel 240033101,4,2,1,421
701,Panel 240035101,4,4,4,444
702,Panel 240041101,3,2,1,321
703,Panel 240043101,3,3,2,332
704,Panel 240047101,4,4,4,444
705,Panel 240048101,4,4,2,442
706,Panel 240050101,4,4,4,444
707,Panel 240058101,4,4,2,442
708,Panel 241012101,4,4,4,444
709,Panel 242033101,4,4,1,441
710,Panel 242049101,1,1,1,111
711,Panel 244008101,4,3,3,433
712,Panel 244033101,4,4,3,443
713,Panel 244034101,4,4,3,443
714,Panel 244036101,4,4,2,442
715,Panel 244039101,4,4,4,444
716,Panel 244042101,3,4,4,344
717,Panel 244049101,4,4,4,444
718,Panel 244050101,4,3,2,432
719,Panel 244051101,3,2,2,322
720,Panel 244054101,4,4,3,443
721,Panel 245005101,4,4,4,444
722,Panel 245014101,4,4,4,444
723,Panel 245045101,4,4,2,442
724,Panel 245102101,4,1,1,411
725,Panel 245107101,3,4,3,343
726,Panel 245113101,3,4,2,342
727,Panel 245119101,4,4,2,442
728,Panel 245124103,4,2,4,424
729,Panel 245135101,2,2,3,223
730,Panel 245145101,2,2,2,222
731,Panel 245148101,4,3,1,431
732,Panel 245167101,4,3,4,434
733,Panel 245181101,4,4,3,443
734,Panel 245182101,4,1,1,411
735,Panel 245191101,2,1,2,212
736,Panel 245196101,2,2,2,222
737,Panel 245197101,4,4,2,442
738,Panel 245198102,4,4,1,441
739,Panel 245213105,4,4,4,444
740,Panel 245217101,3,3,1,331
741,Panel 245222101,1,1,1,111
742,Panel 245230101,3,2,1,321
743,Panel 245236103,4,4,3,443
744,Panel 245240101,4,3,1,431
745,Panel 245241101,4,4,3,443
746,Panel 245249101,4,4,4,444
747,Panel 245255101,2,1,3,213
748,Panel 245264101,3,4,1,341
749,Panel 245265101,4,4,3,443
750,Panel 245273101,3,2,2,322
751,Panel 245276101,4,4,4,444
752,Panel 245278101,4,3,2,432
753,Panel 245279101,4,4,2,442
754,Panel 245281101,4,2,2,422
755,Panel 245287101,4,4,2,442
756,Panel 245290101,4,3,3,433
757,Panel 245322101,4,3,2,432
758,Panel 245334101,4,4,4,444
759,Panel 245347101,3,1,1,311
760,Panel 245348101,4,4,3,443
761,Panel 245350101,4,4,2,442
762,Panel 245352101,4,4,3,443
763,Panel 245359101,3,2,2,322
764,Panel 245363101,2,1,1,211
765,Panel 245371101,4,4,4,444
766,Panel 245372101,3,3,2,332
767,Panel 245376101,3,3,1,331
768,Panel 245377101,4,4,3,443
769,Panel 245381101,4,3,2,432
770,Panel 245387103,4,3,2,432
771,Panel 245388101,4,2,1,421
772,Panel 245397101,4,4,3,443
773,Panel 245400101,4,2,2,422
774,Panel 245401101,3,2,1,321
775,Panel 245402101,4,3,3,433
776,Panel 245404102,4,3,2,432
777,Panel 245413101,3,4,4,344
778,Panel 245415101,4,4,2,442
779,Panel 245419101,4,4,3,443
780,Panel 245420101,4,4,4,444
781,Panel 245421101,2,2,2,222
782,Panel 246013111,4,4,3,443
783,Panel 246019101,3,2,2,322
784,Panel 246034101,4,4,4,444
785,Panel 246039101,4,4,4,444
786,Panel 246042101,4,4,3,443
787,Panel 246044105,4,3,3,433
788,Panel 246061101,4,4,3,443
789,Panel 246074102,2,2,3,223
790,Panel 246108101,4,2,2,422
791,Panel 246116103,4,3,2,432
792,Panel 246125101,4,4,4,444
793,Panel 246129101,2,2,1,221
794,Panel 246138101,4,4,4,444
795,Panel 246168101,4,4,2,442
796,Panel 246170101,4,4,3,443
797,Panel 246181101,4,4,4,444
798,Panel 246187101,4,4,3,443
799,Panel 246190102,4,4,3,443
800,Panel 246201101,4,3,2,432
801,Panel 246208101,3,4,2,342
802,Panel 246209102,4,1,1,411
803,Panel 246210101,3,3,3,333
804,Panel 246223101,3,2,2,322
805,Panel 246226102,4,4,3,443
806,Panel 246229101,4,3,2,432
807,Panel 246231101,1,1,1,111
808,Panel 246250101,4,3,2,432
809,Panel 246255101,4,4,1,441
810,Panel 246272101,4,4,4,444
811,Panel 246285101,4,4,2,442
812,Panel 246295101,4,3,3,433
813,Panel 246298101,4,3,1,431
814,Panel 246299101,4,4,4,444
815,Panel 246310101,3,3,2,332
816,Panel 246314101,4,4,4,444
817,Panel 246319101,4,4,2,442
818,Panel 246327101,2,1,1,211
819,Panel 246329101,4,4,4,444
820,Panel 246331101,4,4,4,444
821,Panel 247004101,4,4,2,442
822,Panel 247011101,3,4,3,343
823,Panel 247026101,4,4,3,443
824,Panel 247055101,4,4,4,444
825,Panel 247056101,4,3,4,434
826,Panel 247062101,4,4,4,444
827,Panel 247063102,3,1,1,311
828,Panel 247065101,4,4,3,443
829,Panel 247087101,4,3,4,434
830,Panel 247089101,4,3,2,432
831,Panel 247092101,3,4,4,344
832,Panel 247102101,3,3,2,332
833,Panel 247107103,4,3,2,432
834,Panel 247108101,4,2,1,421
835,Panel 247111101,4,4,1,441
836,Panel 247125101,3,2,1,321
837,Panel 247128101,4,3,4,434
838,Panel 247130101,2,1,1,211
839,Panel 247138101,4,4,2,442
840,Panel 247141101,3,3,3,333
841,Panel 247144101,3,3,4,334
842,Panel 247170101,4,3,1,431
843,Panel 247178101,4,3,4,434
844,Panel 247183101,4,4,2,442
845,Panel 247192101,4,4,4,444
846,Panel 247204101,4,4,3,443
847,Panel 247205101,4,4,3,443
848,Panel 247209101,4,3,2,432
849,Panel 247212101,4,4,2,442
850,Panel 247219101,3,4,4,344
851,Panel 247223101,4,4,4,444
852,Panel 247224101,4,4,2,442
853,Panel 247231102,4,2,1,421
854,Panel 247232102,4,4,3,443
855,Panel 247238101,4,2,2,422
856,Panel 247239101,2,3,2,232
857,Panel 247240101,4,4,3,443
858,Panel 247241101,4,4,1,441
859,Panel 247255101,4,3,2,432
860,Panel 247258101,4,4,4,444
861,Panel 247260101,4,2,1,421
862,Panel 247264101,4,4,2,442
863,Panel 247272101,4,4,4,444
864,Panel 247279101,4,3,3,433
865,Panel 247280101,4,4,4,444
866,Panel 247282101,4,3,2,432
867,Panel 247307101,4,2,2,422
868,Panel 247309101,4,3,1,431
869,Panel 247311101,4,3,1,431
870,Panel 248064101,3,3,4,334
871,Panel 248066101,4,4,4,444
872,Panel 248069101,4,4,2,442
873,Panel 248071101,1,2,1,121
874,Panel 248086102,2,3,3,233
875,Panel 248089101,3,1,1,311
876,Panel 248093101,1,2,1,121
877,Panel 248101101,4,4,2,442
878,Panel 248103101,4,4,4,444
879,Panel 248111101,4,2,2,422
880,Panel 248146101,4,4,4,444
881,Panel 248147101,3,3,3,333
882,Panel 248155101,4,4,4,444
883,Panel 249001101,3,2,2,322
884,Panel 249011101,4,4,4,444
885,Panel 249014101,1,1,1,111
886,Panel 249015101,4,4,4,444
887,Panel 249018101,4,3,4,434
888,Panel 249023101,4,2,4,424
889,Panel 249027101,3,2,1,321
890,Panel 249028101,4,3,1,431
891,Panel 250011101,4,2,1,421
892,Panel 251021101,4,3,2,432
893,Panel 252001101,4,4,3,443
894,Panel 252002101,4,3,2,432
895,Panel 252003101,2,2,1,221
896,Panel 252005101,4,4,2,442
897,Panel 258013101,4,4,4,444
898,Panel 258016101,4,4,3,443
899,Panel 258018101,2,2,1,221
900,Panel 258025101,4,4,4,444
901,Panel 261001101,4,3,3,433
902,Panel 261009101,3,1,3,313
903,Panel 262001101,1,1,1,111
904,Panel 262012103,4,4,3,443
905,Panel 262033101,4,4,4,444
906,Panel 262034101,4,4,3,443
907,Panel 262036101,4,4,2,442
908,Panel 262046101,3,2,3,323
909,Panel 262068101,4,4,2,442
910,Panel 262074101,4,4,3,443
911,Panel 263018101,4,4,3,443
912,Panel 263021101,4,4,3,443
913,Panel 263023101,4,4,3,443
914,Panel 263026101,4,3,1,431
915,Panel 264047101,3,3,3,333
916,Panel 264059101,2,2,2,222
917,Panel 264099101,4,4,4,444
918,Panel 264101101,1,1,1,111
919,Panel 264114101,4,4,3,443
920,Panel 264116101,4,3,3,433
921,Panel 301002104,4,4,2,442
922,Panel 301003101,3,3,4,334
923,Panel 301023101,3,3,4,334
924,Panel 301035101,3,3,3,333
925,Panel 301042101,4,4,1,441
926,Panel 301045101,4,4,4,444
927,Panel 301055101,4,2,2,422
928,Panel 301059101,3,3,1,331
929,Panel 301063103,3,3,3,333
930,Panel 301086101,4,4,4,444
931,Panel 301090101,4,4,4,444
932,Panel 301100101,1,2,1,121
933,Panel 302010101,2,2,4,224
934,Panel 302011103,4,4,4,444
935,Panel 302023101,4,3,2,432
936,Panel 302024101,3,4,3,343
937,Panel 302035101,3,3,3,333
938,Panel 303013101,3,3,3,333
939,Panel 303020101,4,2,1,421
940,Panel 303034101,4,4,3,443
941,Panel 303044101,4,4,4,444
942,Panel 304001101,3,3,4,334
943,Panel 304007101,4,3,4,434
944,Panel 304021101,2,2,1,221
945,Panel 304030101,4,3,3,433
946,Panel 304032101,2,2,2,222
947,Panel 304044101,4,3,2,432
948,Panel 311004101,4,4,4,444
949,Panel 311005101,3,3,2,332
950,Panel 311013101,3,3,4,334
951,Panel 311030104,3,3,3,333
952,Panel 311043101,4,4,4,444
953,Panel 311046102,2,3,3,233
954,Panel 311048101,4,3,1,431
955,Panel 311050101,2,2,1,221
956,Panel 311053101,4,4,4,444
957,Panel 311055101,4,4,2,442
958,Panel 311056101,2,2,1,221
959,Panel 311059101,4,4,2,442
960,Panel 311067101,3,3,1,331
961,Panel 311068101,4,3,2,432
962,Panel 311069101,4,3,2,432
963,Panel 311072101,4,4,4,444
964,Panel 312010101,4,3,1,431
965,Panel 312025101,4,4,3,443
966,Panel 312034101,4,3,2,432
967,Panel 312038101,4,4,3,443
968,Panel 312039101,4,3,2,432
969,Panel 313024101,4,4,4,444
970,Panel 313026101,3,3,3,333
971,Panel 313028101,3,3,3,333
972,Panel 313030101,4,2,4,424
973,Panel 313032101,4,3,3,433
974,Panel 313035101,3,2,2,322
975,Panel 314061101,3,2,2,322
976,Panel 314063101,4,1,1,411
977,Panel 314074101,4,3,3,433
978,Panel 314079101,3,4,3,343
979,Panel 314086101,2,3,2,232
980,Panel 314089101,4,4,3,443
981,Panel 314099101,4,2,1,421
982,Panel 314113102,4,4,4,444
983,Panel 314123101,4,4,2,442
984,Panel 314141101,4,4,4,444
985,Panel 314155101,3,3,3,333
986,Panel 314157101,1,1,2,112
987,Panel 314170101,4,2,1,421
988,Panel 314186101,4,2,1,421
989,Panel 314188101,4,3,3,433
990,Panel 314190101,4,4,4,444
991,Panel 314194101,4,4,2,442
992,Panel 314199103,4,2,4,424
993,Panel 314208101,4,3,4,434
994,Panel 314209101,4,3,3,433
995,Panel 314211101,4,4,3,443
996,Panel 314213101,4,4,4,444
997,Panel 315017101,2,4,3,243
998,Panel 315027101,4,4,2,442
999,Panel 315028102,4,3,2,432
1000,Panel 315040102,4,4,3,443
1001,Panel 315041101,4,4,2,442
1002,Panel 315042101,4,4,2,442
1003,Panel 315043101,3,2,2,322
1004,Panel 315045101,4,3,3,433
1005,Panel 316010101,4,3,4,434
1006,Panel 316021101,4,3,2,432
1007,Panel 316027101,2,1,1,211
1008,Panel 316040101,4,3,4,434
1009,Panel 316041101,2,3,4,234
1010,Panel 316045101,3,3,2,332
1011,Panel 316046101,4,4,3,443
1012,Panel 316050101,4,2,1,421
1013,Panel 316057101,4,4,2,442
1014,Panel 316060101,4,3,1,431
1015,Panel 316066101,4,2,3,423
1016,Panel 316072101,4,2,1,421
1017,Panel 316080101,4,4,4,444
1018,Panel 317007101,4,4,4,444
1019,Panel 317032101,2,1,1,211
1020,Panel 317043102,3,3,2,332
1021,Panel 317048101,3,1,1,311
1022,Panel 317052101,4,4,4,444
1023,Panel 317054101,4,4,4,444
1024,Panel 317062101,4,3,1,431
1025,Panel 317067101,4,2,3,423
1026,Panel 317072101,4,4,4,444
1027,Panel 317074101,4,4,4,444
1028,Panel 317075101,1,2,1,121
1029,Panel 318012102,2,2,1,221
1030,Panel 318025101,4,3,3,433
1031,Panel 318031101,4,3,3,433
1032,Panel 318032101,4,4,4,444
1033,Panel 318035101,4,4,1,441
1034,Panel 318036101,4,4,2,442
1035,Panel 318044101,4,2,1,421
1036,Panel 319013101,3,3,3,333
1037,Panel 319017101,3,3,1,331
1038,Panel 319018101,4,3,1,431
1039,Panel 319021101,4,4,2,442
1040,Panel 320020102,4,2,1,421
1041,Panel 320027101,4,2,1,421
1042,Panel 320029101,3,2,1,321
1043,Panel 320030101,3,3,4,334
1044,Panel 321005101,3,2,2,322
1045,Panel 321016101,4,4,4,444
1046,Panel 321018101,3,3,3,333
1047,Panel 321019101,4,4,3,443
1048,Panel 321020101,4,4,2,442
1049,Panel 321022101,1,2,1,121
1050,Panel 321032101,4,2,1,421
1051,Panel 321039101,4,3,2,432
1052,Panel 321040101,4,3,1,431
1053,Panel 322004113,2,2,4,224
1054,Panel 322009101,3,2,2,322
1055,Panel 322015101,4,4,4,444
1056,Panel 322018102,4,4,4,444
1057,Panel 323010101,4,4,2,442
1058,Panel 323013102,4,4,4,444
1059,Panel 323018101,2,2,2,222
1060,Panel 323020101,2,2,1,221
1061,Panel 323022101,3,4,2,342
1062,Panel 323031101,4,3,1,431
1063,Panel 323033101,4,2,1,421
1064,Panel 323035101,1,1,1,111
1065,Panel 325010101,4,4,2,442
1066,Panel 328007101,4,4,1,441
1067,Panel 331005101,4,3,1,431
1068,Panel 331013101,4,4,3,443
1069,Panel 331015101,4,4,4,444
1070,Panel 332006101,4,4,4,444
1071,Panel 332008101,4,3,2,432
1072,Panel 332012101,4,3,2,432
1073,Panel 332014101,4,4,4,444
1074,Panel 332018101,1,1,1,111
1075,Panel 332047101,4,3,2,432
1076,Panel 332050101,4,2,1,421
1077,Panel 332054101,4,4,4,444
1078,Panel 332073101,4,4,1,441
1079,Panel 332099101,4,4,2,442
1080,Panel 332101101,4,4,1,441
1081,Panel 332133101,4,4,2,442
1082,Panel 332135102,4,2,2,422
1083,Panel 332139101,3,2,4,324
1084,Panel 332140102,4,4,4,444
1085,Panel 332146101,4,3,3,433
1086,Panel 332158101,3,3,2,332
1087,Panel 332163101,3,3,3,333
1088,Panel 332178101,2,3,1,231
1089,Panel 332184101,4,1,1,411
1090,Panel 332186101,4,4,4,444
1091,Panel 332199101,4,1,3,413
1092,Panel 332245101,4,3,2,432
1093,Panel 332251101,3,3,2,332
1094,Panel 332252101,2,1,2,212
1095,Panel 332260101,4,4,3,443
1096,Panel 332268101,4,4,4,444
1097,Panel 332271101,4,4,2,442
1098,Panel 332293101,4,4,4,444
1099,Panel 332297102,4,4,3,443
1100,Panel 332303101,4,3,4,434
1101,Panel 333001101,4,4,4,444
1102,Panel 333017101,4,3,4,434
1103,Panel 333019101,4,2,1,421
1104,Panel 333020101,4,3,1,431
1105,Panel 333023101,4,4,3,443
1106,Panel 333024101,4,3,2,432
1107,Panel 333030101,4,2,2,422
1108,Panel 333035101,4,3,1,431
1109,Panel 333041101,4,3,2,432
1110,Panel 333046101,4,4,2,442
1111,Panel 333047101,2,1,1,211
1112,Panel 333094101,2,1,1,211
1113,Panel 333104101,4,4,3,443
1114,Panel 333195101,4,4,2,442
1115,Panel 333238101,4,4,2,442
1116,Panel 334001101,4,4,4,444
1117,Panel 334003101,4,3,2,432
1118,Panel 343013101,4,4,4,444
1119,Panel 343023101,4,1,4,414
1120,Panel 343027101,4,4,3,443
1121,Panel 343049101,4,4,4,444
1122,Panel 343070101,4,4,4,444
1123,Panel 343088101,4,4,4,444
1124,Panel 343099101,1,1,1,111
1125,Panel 343101101,4,3,3,433
1126,Panel 343102101,4,3,3,433
1127,Panel 343103101,4,4,1,441
1128,Panel 343111101,3,3,1,331
1129,Panel 343113101,4,4,4,444
1130,Panel 343118101,3,4,4,344
1131,Panel 343121101,4,3,3,433
1132,Panel 345041101,4,2,4,424
1133,Panel 345063101,1,1,1,111
1134,Panel 346002103,4,4,3,443
1135,Panel 346008101,3,2,2,322
1136,Panel 346044101,3,1,2,312
1137,Panel 347002101,4,2,1,421
1138,Panel 347009101,4,1,1,411
1139,Panel 348005101,4,4,3,443
1140,Panel 348006101,4,4,2,442
1141,Panel 348007101,4,4,3,443
1142,Panel 348077101,4,4,3,443
1143,Panel 348080101,4,4,3,443
1144,Panel 348084101,4,3,3,433
1145,Panel 348086101,4,4,3,443
1146,Panel 350039101,4,4,3,443
1147,Panel 350043101,4,2,1,421
1148,Panel 350047101,4,4,2,442
1149,Panel 350048101,4,3,3,433
1150,Panel 350072101,3,4,2,342
1151,Panel 350082101,3,3,1,331
1152,Panel 350084101,4,4,2,442
1153,Panel 350101101,3,3,3,333
1154,Panel 401011102,4,3,3,433
1155,Panel 401027101,3,4,1,341
1156,Panel 401045101,4,3,4,434
1157,Panel 401048101,4,2,1,421
1158,Panel 401077101,2,2,2,222
1159,Panel 401087101,4,3,4,434
1160,Panel 403026101,4,4,3,443
1161,Panel 403029101,4,4,3,443
1162,Panel 403030101,3,4,4,344
1163,Panel 403041101,4,4,4,444
1164,Panel 403044101,3,2,3,323
1165,Panel 404006101,4,4,2,442
1166,Panel 405003107,3,4,1,341
1167,Panel 405005101,4,3,1,431
1168,Panel 405010101,4,4,2,442
1169,Panel 405020101,4,4,4,444
1170,Panel 405021101,4,4,4,444
1171,Panel 405025101,4,4,3,443
1172,Panel 405027101,3,2,1,321
1173,Panel 406007101,4,4,4,444
1174,Panel 407017101,2,3,1,231
1175,Panel 407023101,2,1,1,211
1176,Panel 407025101,4,4,3,443
1177,Panel 408003101,4,4,1,441
1178,Panel 408011102,4,4,2,442
1179,Panel 409018101,4,3,3,433
1180,Panel 409024101,4,4,3,443
1181,Panel 410002101,4,1,1,411
1182,Panel 410004101,4,1,1,411
1183,Panel 410008101,4,4,2,442
1184,Panel 410009101,4,4,4,444
1185,Panel 410016101,4,3,4,434
1186,Panel 410021101,4,4,2,442
1187,Panel 410022101,4,4,3,443
1188,Panel 417012101,4,2,1,421
1189,Panel 417013101,3,2,1,321
1190,Panel 417014101,4,4,4,444
1191,Panel 417023101,3,1,3,313
1192,Panel 417029101,4,1,1,411
1193,Panel 417038103,1,1,1,111
1194,Panel 417050101,1,1,1,111
1195,Panel 417066101,1,1,2,112
1196,Panel 417067101,2,4,4,244
1197,Panel 417070101,4,2,2,422
1198,Panel 418009103,4,4,1,441
1199,Panel 418013101,3,4,4,344
1200,Panel 419012101,4,4,1,441
1201,Panel 419014101,4,3,2,432
1202,Panel 419017101,4,4,3,443
1203,Panel 419027101,2,1,1,211
1204,Panel 419045101,4,4,3,443
1205,Panel 420005101,4,4,4,444
1206,Panel 420008102,4,4,4,444
1207,Panel 420011104,4,4,4,444
1208,Panel 420016101,4,3,4,434
1209,Panel 420019101,4,4,2,442
1210,Panel 421021102,4,2,1,421
1211,Panel 422011101,4,2,2,422
1212,Panel 422014101,4,4,2,442
1213,Panel 422015104,4,2,1,421
1214,Panel 426013101,4,3,4,434
1215,Panel 426018102,2,2,1,221
1216,Panel 426020105,3,2,1,321
1217,Panel 426023103,4,2,1,421
1218,Panel 426042101,1,1,1,111
1219,Panel 426072101,4,2,2,422
1220,Panel 426079101,4,4,4,444
1221,Panel 426083101,4,4,3,443
1222,Panel 426091101,4,4,4,444
1223,Panel 426095102,2,2,1,221
1224,Panel 426102101,4,4,3,443
1225,Panel 426107102,4,4,3,443
1226,Panel 426109102,4,4,2,442
1227,Panel 426110101,4,2,1,421
1228,Panel 426116101,4,4,4,444
1229,Panel 426121102,3,3,4,334
1230,Panel 426124101,2,2,1,221
1231,Panel 426138101,4,4,4,444
1232,Panel 426145108,4,4,4,444
1233,Panel 426146102,2,1,1,211
1234,Panel 426166101,4,4,3,443
1235,Panel 426172101,4,4,4,444
1236,Panel 426177101,4,4,1,441
1237,Panel 426181101,4,4,4,444
1238,Panel 426182101,4,2,2,422
1239,Panel 426187101,4,4,3,443
1240,Panel 426190101,4,4,4,444
1241,Panel 426191101,4,3,1,431
1242,Panel 426193101,4,4,4,444
1243,Panel 426200101,4,2,3,423
1244,Panel 426204101,4,4,4,444
1245,Panel 426211101,4,4,3,443
1246,Panel 428013101,4,4,2,442
1247,Panel 428017102,4,3,3,433
1248,Panel 428022101,4,3,2,432
1249,Panel 429005101,4,2,1,421
1250,Panel 429014101,4,4,4,444
1251,Panel 429021101,1,1,1,111
1252,Panel 430001101,3,1,1,311
1253,Panel 430004101,4,3,2,432
1254,Panel 430020101,4,3,4,434
1255,Panel 437011110,4,2,1,421
1256,Panel 437036101,3,3,1,331
1257,Panel 437040101,4,4,3,443
1258,Panel 437043101,4,4,4,444
1259,Panel 437054101,4,4,4,444
1260,Panel 437057101,3,2,2,322
1261,Panel 437059101,4,4,4,444
1262,Panel 438006101,4,3,4,434
1263,Panel 438020101,4,4,4,444
1264,Panel 438026101,4,4,4,444
1265,Panel 438029101,4,4,3,443
1266,Panel 438032101,4,2,1,421
1267,Panel 438035101,4,4,4,444
1268,Panel 438036101,4,4,3,443
1269,Panel 439010101,4,4,4,444
1270,Panel 439019101,4,4,3,443
1271,Panel 440002101,4,4,4,444
1272,Panel 440010101,2,1,2,212
1273,Panel 442024101,4,4,2,442
1274,Panel 442030101,4,4,3,443
1275,Panel 442034101,4,4,1,441
1276,Panel 442056101,3,3,4,334
1277,Panel 442058101,4,3,4,434
1278,Panel 442080101,4,3,3,433
1279,Panel 444010103,4,3,4,434
1280,Panel 444030101,4,4,3,443
1281,Panel 444032103,4,4,3,443
1282,Panel 444036101,4,4,3,443
1283,Panel 444039101,4,4,4,444
1284,Panel 444044101,4,4,3,443
1285,Panel 444045101,4,4,3,443
1286,Panel 444052101,4,4,3,443
1287,Panel 444058101,4,4,4,444
1288,Panel 444060101,2,3,2,232
1289,Panel 444066101,4,3,2,432
1290,Panel 444072101,4,3,2,432
1291,Panel 444084101,4,2,2,422
1292,Panel 444095101,1,1,1,111
1293,Panel 444102101,2,2,3,223
1294,Panel 444104101,2,2,2,222
1295,Panel 444129101,4,2,2,422
1296,Panel 444132101,2,1,4,214
1297,Panel 444133101,3,3,3,333
1298,Panel 444140101,4,4,2,442
1299,Panel 444143101,4,4,4,444
1300,Panel 444148101,1,1,2,112
1301,Panel 444153101,4,3,2,432
1302,Panel 444155101,4,3,3,433
1303,Panel 444158101,4,4,2,442
1304,Panel 444161101,4,4,4,444
1305,Panel 446010103,4,4,3,443
1306,Panel 446016101,4,3,3,433
1307,Panel 446020101,3,4,3,343
1308,Panel 446026101,2,3,2,232
1309,Panel 447006101,2,3,3,233
1310,Panel 448003101,4,4,4,444
1311,Panel 448006101,2,2,1,221
1312,Panel 448008101,2,1,1,211
1313,Panel 449003101,4,4,1,441
1314,Panel 449010101,3,2,2,322
1315,Panel 449013101,4,2,3,423
1316,Panel 449019101,4,2,1,421
1317,Panel 450003101,4,3,2,432
1318,Panel 450005101,4,3,3,433
1319,Panel 450006101,3,2,2,322
1320,Panel 451001101,2,3,3,233
1321,Panel 453001101,4,4,1,441
1322,Panel 458037101,4,4,3,443
1323,Panel 458040101,4,4,4,444
1324,Panel 458041103,4,3,2,432
1325,Panel 458045101,4,3,3,433
1326,Panel 458049101,4,4,2,442
1327,Panel 458058101,4,4,3,443
1328,Panel 458069101,4,4,4,444
1329,Panel 460019101,4,4,2,442
1330,Panel 460031101,4,4,4,444
1331,Panel 461021101,2,2,2,222
1332,Panel 462019101,4,3,3,433
1333,Panel 462047101,4,4,3,443
1334,Panel 462048101,4,3,3,433
1335,Panel 462049101,4,4,2,442
1336,Panel 462054101,4,4,4,444
1337,Panel 463008101,1,1,1,111
1338,Panel 463023101,3,2,2,322
1339,Panel 463025101,2,2,1,221
1340,Panel 464003101,4,4,1,441
1341,Panel 464004101,4,4,4,444
1342,Panel 465038101,4,4,3,443
1343,Panel 465047101,1,1,1,111
1344,Panel 465056101,4,4,1,441
1345,Panel 800000301,4,4,1,441
1346,Panel 800008701,4,4,3,443
1347,Panel 800017401,2,4,3,243
1348,Panel 800029302,3,3,4,334
1349,Panel 800045501,4,4,3,443
1350,Panel 800061401,4,3,2,432
1351,Panel 800068801,1,1,1,111
1352,Panel 800072101,4,2,1,421
1353,Panel 800074501,4,2,2,422
1354,Panel 800081601,4,4,4,444
1355,Panel 800082701,3,2,3,323
1356,Panel 800083001,4,2,2,422
1357,Panel 800083601,4,2,1,421
1358,Panel 800089201,4,4,3,443
1359,Panel 800089801,4,4,4,444
1360,Panel 800090001,4,4,3,443
1361,Panel 800095801,4,4,4,444
1362,Panel 800096001,4,4,3,443
1363,Panel 800105701,4,4,3,443
1364,Panel 800110501,3,4,4,344
1365,Panel 800111201,4,3,3,433
1366,Panel 800114201,4,4,2,442
1367,Panel 800114701,4,3,1,431
1368,Panel 800114901,2,3,2,232
1369,Panel 800118901,4,3,3,433
1370,Panel 800125501,4,4,3,443
1371,Panel 800125701,4,1,1,411
1372,Panel 800126101,3,3,3,333
1373,Panel 800126701,3,3,2,332
1374,Panel 800126801,2,1,1,211
1375,Panel 800127301,4,4,1,441
1376,Panel 800128901,4,3,3,433
1377,Panel 800129401,4,3,1,431
1378,Panel 800130201,4,4,3,443
1379,Panel 800130301,4,4,3,443
1380,Panel 800132301,4,3,2,432
1381,Panel 800133101,4,3,3,433
1382,Panel 800133901,4,4,4,444
1383,Panel 800134401,4,2,3,423
1384,Panel 800134801,4,3,1,431
1385,Panel 800135501,4,4,4,444
1386,Panel 800135801,4,3,1,431
1387,Panel 800136001,4,4,4,444
1388,Panel 800136301,4,4,4,444
1389,Panel 800137501,4,4,2,442
1390,Panel 800140301,4,3,1,431
1391,Panel 800140801,4,2,1,421
1392,Panel 800141101,4,4,4,444
1393,Panel 800142801,2,3,2,232
1394,Panel 800146701,4,4,3,443
1395,Panel 800147001,4,3,4,434
1396,Panel 800147101,3,2,4,324
1397,Panel 800147201,4,4,1,441
1398,Panel 800147801,4,4,3,443
1399,Panel 800147901,4,4,4,444
1400,Panel 800148201,4,4,4,444
1401,Panel 800148501,4,4,3,443
1402,Panel 800149901,4,3,3,433
1403,Panel 800150501,4,3,3,433
1404,Panel 800151101,4,2,1,421
1405,Panel 800153801,4,4,2,442
1406,Panel 800155001,2,2,1,221
1407,Panel 800155301,4,2,2,422
1408,Panel 800155901,4,4,4,444
1409,Panel 800157801,4,2,3,423
1410,Panel 800158501,3,3,2,332
1411,Panel 800158701,3,3,3,333
1412,Panel 800158902,4,4,3,443
1413,Panel 800159001,4,2,1,421
1414,Panel 800159601,4,1,1,411
1415,Panel 800159701,4,4,2,442
1416,Panel 800160101,4,3,2,432
1417,Panel 800160301,2,3,2,232
1418,Panel 800160401,2,2,2,222
1419,Panel 800160501,3,3,3,333
1420,Panel 800161101,4,4,2,442
1421,Panel 800161201,4,4,3,443
1422,Panel 800161601,4,4,2,442
1423,Panel 800162401,4,4,4,444
1424,Panel 800167001,2,1,3,213
1425,Panel 800167101,4,4,2,442
1426,Panel 800168901,3,3,2,332
1427,Panel 800169001,4,3,2,432
1428,Panel 800170101,4,3,2,432
1429,Panel 800170401,4,4,4,444
1430,Panel 800170601,4,3,2,432
1431,Panel 800170901,4,3,2,432
1432,Panel 800171101,4,3,1,431
1433,Panel 800173501,4,3,3,433
1434,Panel 800174501,4,4,2,442
1435,Panel 800174901,4,1,1,411
1436,Panel 800175001,2,2,2,222
1437,Panel 800175501,4,4,4,444
1438,Panel 800175801,4,3,1,431
1439,Panel 800177101,3,3,4,334
1440,Panel 800177301,4,4,4,444
1441,Panel 800177401,4,3,2,432
1442,Panel 800177501,4,4,4,444
1443,Panel 800177901,1,1,2,112
1444,Panel 800179001,4,4,4,444
1445,Panel 800179601,4,3,1,431
1446,Panel 800180001,3,3,2,332
1447,Panel 800180201,4,4,2,442
1448,Panel 800180401,4,2,1,421
1449,Panel 800180601,4,3,2,432
1450,Panel 800181001,4,4,4,444
1451,Panel 800181801,4,4,2,442
1452,Panel 800183401,3,2,3,323
1453,Panel 800184001,4,3,1,431
1454,Panel 800184101,2,1,2,212
1455,Panel 800184201,4,3,1,431
1456,Panel 800184301,4,1,1,411
1457,Panel 800184401,3,4,4,344
1458,Panel 800184801,4,2,3,423
1459,Panel 800184901,4,4,1,441
1460,Panel 800185301,2,1,1,211
1461,Panel 800185401,4,3,1,431
1462,Panel 800185601,4,4,4,444
1463,Panel 800186001,4,4,1,441
1464,Panel 800186201,4,4,3,443
1465,Panel 800189201,1,2,1,121
1466,Panel 800189401,3,2,1,321
1467,Panel 800189501,2,3,4,234
1468,Panel 800189801,4,3,3,433
1469,Panel 800190601,3,3,2,332
1470,Panel 800194601,4,4,4,444
1471,Panel 800195701,4,4,3,443
1472,Panel 800196301,4,4,2,442
1473,Panel 800197401,4,4,4,444
1474,Panel 800198101,4,4,3,443
1475,Panel 800201101,3,3,2,332
1476,Panel 800201201,3,2,1,321
1477,Panel 800201501,3,3,3,333
1478,Panel 800202101,4,4,3,443
1479,Panel 800202301,4,4,3,443
1480,Panel 800202401,3,1,1,311
1481,Panel 800202501,4,1,1,411
1482,Panel 800203101,4,3,2,432
1483,Panel 800203201,3,3,2,332
1484,Panel 800203301,4,4,3,443
1485,Panel 800203401,4,2,2,422
1486,Panel 800203601,4,3,3,433
1487,Panel 800203901,4,4,4,444
1488,Panel 800205701,4,3,3,433
1489,Panel 800206101,4,4,3,443
1490,Panel 800208501,3,2,1,321
1491,Panel 800209001,4,3,2,432
1492,Panel 800209201,4,2,1,421
1493,Panel 800209801,3,3,3,333
1494,Panel 800209901,4,4,4,444
1495,Panel 800210301,3,4,3,343
1496,Panel 800210701,2,2,1,221
1497,Panel 800213501,4,4,4,444
1498,Panel 800214401,4,4,4,444
1499,Panel 800214501,4,4,3,443
1500,Panel 800217901,2,3,4,234
1501,Panel 800218201,2,1,1,211
1502,Panel 800218401,3,2,2,322
1503,Panel 800219701,4,4,2,442
1504,Panel 800220901,4,4,3,443
1505,Panel 800221001,4,4,2,442
1506,Panel 800224401,4,4,1,441
1507,Panel 800227101,4,4,3,443
1508,Panel 800236401,2,2,1,221
1509,Panel 800237201,4,4,3,443
1510,Panel 800242001,4,2,1,421
1511,Panel 800245201,2,2,2,222
1512,Panel 800245901,1,1,1,111
1513,Panel 800248001,4,3,2,432
1514,Panel 800259701,4,4,4,444
1515,Panel 800266801,4,3,1,431
1516,Panel 800275301,4,3,4,434
1517,Panel 800276801,2,2,2,222
1518,Panel 800278601,4,4,3,443
1519,Panel 800279701,4,3,2,432
1520,Panel 800280301,4,4,4,444
1521,Panel 800286901,4,3,4,434
1522,Panel 800288501,4,4,3,443
1523,Panel 800289701,4,4,1,441
1524,Panel 800297001,4,4,4,444
1525,Panel 800297901,4,3,2,432
1526,Panel 800303001,4,3,3,433
1527,Panel 800305301,4,4,4,444
1528,Panel 800311801,4,3,2,432
1529,Panel 800314201,4,4,3,443
1530,Panel 800315301,2,3,4,234
1531,Panel 800316301,3,3,3,333
1532,Panel 800321501,4,4,4,444
1533,Panel 800321901,4,1,1,411
1534,Panel 800324001,4,3,2,432
1535,Panel 800325701,4,4,2,442
1536,Panel 800328401,4,3,2,432
1537,Panel 800337101,4,3,3,433
1538,Panel 800355001,4,4,4,444
1539,Panel 800356401,3,4,3,343
1540,Panel 800380701,3,4,3,343
1541,Panel 800384701,3,1,1,311
1542,Panel 800392401,3,2,1,321
1543,Panel 800400101,4,4,3,443
1544,Panel 800403101,3,3,4,334
1545,Panel 800436301,4,3,4,434
1546,Panel 800437801,4,3,4,434
1547,Panel 800441101,4,3,1,431
1548,Panel 800446801,3,3,2,332
1549,Panel 800448001,4,4,1,441
1550,Panel 800448901,1,2,1,121
1551,Panel 800449401,4,3,2,432
1552,Panel 800454701,4,3,3,433
1553,Panel 800454901,3,2,3,323
1554,Panel 800455301,4,4,4,444
1555,Panel 800463601,2,3,3,233
1556,Panel 800463801,4,2,1,421
1557,Panel 800467201,2,2,3,223
1558,Panel 800469501,4,3,2,432
1559,Panel 800469601,4,4,2,442
1560,Panel 800469801,4,4,4,444
1561,Panel 800469901,4,3,1,431
1562,Panel 800481101,4,4,4,444
1563,Panel 800508701,4,4,3,443
1564,Panel 800510701,4,4,3,443
1565,Panel 800510801,4,4,2,442
1566,Panel 800510901,4,4,4,444
1567,Panel 800511301,4,4,3,443
1568,Panel 800511801,4,4,3,443
1569,Panel 800530801,4,4,2,442
1570,Panel 800533301,4,4,3,443
1571,Panel 800538501,4,3,4,434
1572,Panel 800550601,3,2,3,323
1573,Panel 800550701,1,1,1,111
1574,Panel 800552301,4,4,3,443
1575,Panel 800553001,4,3,4,434
1576,Panel 800553101,4,4,4,444
1577,Panel 800583401,4,4,2,442
1578,Panel 800586701,2,3,2,232
1579,Panel 800586801,4,4,4,444
1580,Panel 800587101,4,2,3,423
1581,Panel 800589501,4,3,2,432
1582,Panel 800589701,4,4,1,441
1583,Panel 800589901,4,4,4,444
1584,Panel 800590001,4,4,2,442
1585,Panel 800590101,4,3,1,431
1586,Panel 800601901,4,4,2,442
1587,Panel 800603801,3,2,2,322
1588,Panel 800603901,4,4,1,441
1589,Panel 800604101,3,2,3,323
1590,Panel 800604201,2,3,1,231
1591,Panel 800619001,4,4,4,444
1592,Panel 800623101,4,4,1,441
1593,Panel 800631001,2,2,3,223
1594,Panel 800634601,4,3,2,432
1595,Panel 800640101,4,2,1,421
1596,Panel 800640901,4,3,1,431
1597,Panel 800643201,4,3,3,433
1598,Panel 800663101,4,4,3,443
1599,Panel 800674601,4,4,4,444
1600,Panel 800693501,3,4,3,343
1601,Panel 800697601,4,4,2,442
1602,Panel 800700101,1,2,1,121
1603,Panel 800706201,1,1,1,111
1604,Panel 800706301,4,2,1,421
1605,Panel 800709201,4,4,4,444
1606,Panel 800713701,1,2,1,121
1607,Panel 800716401,3,3,3,333
1608,Panel 800726901,4,4,3,443
1609,Panel 800733101,4,2,1,421
1610,Panel 800733401,4,2,4,424
1611,Panel 800733501,3,3,4,334
1612,Panel 800733801,4,2,1,421
1613,Panel 800771301,3,2,1,321
1614,Panel 800782501,1,1,3,113
1615,Panel 800799401,4,3,1,431
1616,Panel 800801401,4,3,3,433
1617,Panel 800801601,4,3,2,432
1618,Panel 800801701,2,2,1,221
1619,Panel 800804601,4,4,3,443
1620,Panel 800812801,4,3,2,432
1621,Panel 800826601,4,4,2,442
1622,Panel 800835301,4,4,1,441
1623,Panel 800855601,3,2,2,322
1624,Panel 800875501,3,3,2,332
1625,Panel 800890501,4,3,1,431
1626,Panel 800908601,1,1,1,111
1627,Panel 800909301,3,2,1,321
1628,Panel 800922801,4,4,3,443
1629,Panel 800927401,4,4,3,443
1630,Panel 800931201,4,3,2,432
1631,Panel 800945001,4,3,2,432
1632,Panel 800945201,4,4,4,444
1633,Panel 800945401,4,4,3,443
1634,Panel 800945601,4,4,3,443
1635,Panel 800963301,4,4,2,442
1636,Panel 800975901,4,3,2,432
1637,Panel 800978901,4,4,4,444
1638,Panel 800987501,4,4,3,443
1639,Panel 800988601,3,2,3,323
1640,Panel 800989001,1,2,1,121
1641,Panel 800989301,3,2,1,321
1642,Panel 800989601,4,3,2,432
1643,Panel 800989901,1,2,1,121
1644,Panel 801005401,4,4,4,444
1645,Panel 801014001,2,2,1,221
1646,Panel 801017901,4,4,4,444
1647,Panel 801031101,4,4,4,444
1648,Panel 801031301,3,2,2,322
1649,Panel 801031401,4,4,4,444
1650,Panel 801031501,4,3,1,431
1651,Panel 801032201,4,4,3,443
1652,Panel 801038101,4,2,1,421
1653,Panel 801042601,4,4,4,444
1654,Panel 801042901,3,3,1,331
1655,Panel 801044701,4,3,1,431
1656,Panel 801044901,4,3,2,432
1657,Panel 801045401,4,4,2,442
1658,Panel 801065601,4,4,3,443
1659,Panel 801065701,4,4,4,444
1660,Panel 801065801,4,3,3,433
1661,Panel 801065901,4,4,3,443
1662,Panel 801068101,4,2,1,421
1663,Panel 801068301,4,4,4,444
1664,Panel 801069201,4,4,4,444
1665,Panel 801069301,4,2,1,421
1666,Panel 801070001,3,4,4,344
1667,Panel 801070101,2,1,2,212
1668,Panel 801070302,4,4,4,444
1669,Panel 801070801,3,4,4,344
1670,Panel 801076701,4,4,4,444
1671,Panel 801077101,4,4,4,444
1672,Panel 801077201,4,4,3,443
1673,Panel 801077701,3,1,1,311
1674,Panel 801151501,4,1,1,411
1675,Panel 801153501,3,3,3,333
1676,Panel 801153801,4,3,4,434
1677,Panel 801158501,4,4,3,443
1678,Panel 801158701,4,4,2,442
1679,Panel 801174501,3,1,1,311
1680,Panel 801175101,4,4,4,444
1681,Panel 801183401,4,4,3,443
1682,Panel 801194001,4,4,4,444
1683,Panel 801194101,4,3,3,433
1684,Panel 801194401,4,4,2,442
1685,Panel 801194601,4,4,3,443
1686,Panel 801195001,4,1,1,411
1687,Panel 801195701,4,4,4,444
1688,Panel 801195801,4,4,4,444
1689,Panel 801195901,3,4,2,342
1690,Panel 801209401,4,1,1,411
1691,Panel 801211101,4,3,1,431
1692,Panel 801211301,4,2,1,421
1693,Panel 801211401,4,3,4,434
1694,Panel 801226801,3,3,4,334
1695,Panel 801227101,4,4,4,444
1696,Panel 801228201,4,4,3,443
1697,Panel 801228601,4,4,4,444
1698,Panel 801228901,4,4,4,444
1699,Panel 801236101,1,2,1,121
1700,Panel 801252801,4,3,2,432
1701,Panel 801265101,3,3,3,333
1702,Panel 801280001,4,4,4,444
1703,Panel 801370901,4,3,4,434
1704,Panel 801378601,4,4,2,442
1705,Panel 801378701,4,4,3,443
1706,Panel 801378901,4,4,4,444
1707,Panel 801379201,3,2,2,322
1708,Panel 801379401,4,3,3,433
1709,Panel 801381001,4,3,3,433
1710,Panel 801396401,3,4,1,341
1711,Panel 801397901,4,2,2,422
1712,Panel 801398301,4,4,3,443
1713,Panel 801398701,4,4,4,444
1714,Panel 801399001,4,4,2,442
1715,Panel 801410901,4,2,1,421
1716,Panel 801424101,4,4,4,444
1717,Panel 801429201,4,4,4,444
1718,Panel 801429301,4,2,1,421
1719,Panel 801430501,3,2,1,321
1720,Panel 801430801,4,4,4,444
1721,Panel 801431101,2,3,1,231
1722,Panel 801438601,4,3,1,431
1723,Panel 801438801,3,2,2,322
1724,Panel 801448101,4,4,4,444
1725,Panel 801459401,4,4,4,444
1726,Panel 801466001,3,2,2,322
1727,Panel 801466301,4,2,4,424
1728,Panel 801466401,2,2,2,222
1729,Panel 801467201,4,4,4,444
1730,Panel 801467301,4,3,1,431
1731,Panel 801473701,4,4,4,444
1732,Panel 801474601,4,3,1,431
1733,Panel 801477301,4,4,4,444
1734,Panel 801477401,2,2,1,221
1735,Panel 801477501,2,1,1,211
1736,Panel 801478201,2,2,3,223
1737,Panel 801478301,3,2,3,323
1738,Panel 801480801,4,3,4,434
1739,Panel 801481501,4,4,4,444
1740,Panel 801482801,4,4,4,444
1741,Panel 801484501,4,4,1,441
1742,Panel 801485001,4,4,2,442
1743,Panel 801485701,4,4,3,443
1744,Panel 801486501,4,1,1,411
1745,Panel 801498101,1,1,1,111
1746,Panel 801502901,4,4,4,444
1747,Panel 801511301,4,4,2,442
1748,Panel 801520901,3,3,2,332
1749,Panel 801521201,4,4,2,442
1750,Panel 801528801,2,2,1,221
1751,Panel 801532401,4,4,3,443
1752,Panel 801532501,4,3,2,432
1753,Panel 801539101,4,4,2,442
1754,Panel 801540501,4,4,3,443
1755,Panel 801541901,4,4,4,444
1756,Panel 801542101,4,4,4,444
1757,Panel 801545101,4,4,2,442
1758,Panel 801548501,1,1,1,111
1759,Panel 801548601,4,4,3,443
1760,Panel 801549901,4,3,3,433
1761,Panel 801551401,4,3,4,434
1762,Panel 801552001,3,4,2,342
1763,Panel 801554201,4,4,2,442
1764,Panel 801556701,4,1,1,411
1765,Panel 801562501,4,4,3,443
1766,Panel 801562601,4,4,4,444
1767,Panel 801566601,3,2,2,322
1768,Panel 801566701,4,4,3,443
1769,Panel 801567401,4,4,4,444
1770,Panel 801567601,4,3,3,433
1771,Panel 801570001,4,3,2,432
1772,Panel 801575101,4,4,3,443
1773,Panel 801585301,4,4,1,441
1774,Panel 801585501,2,2,1,221
1775,Panel 801585601,2,3,1,231
1776,Panel 801591401,4,4,2,442
1777,Panel 801591501,4,2,1,421
1778,Panel 801592101,4,3,2,432
1779,Panel 801593701,1,1,1,111
1780,Panel 801596601,1,1,3,113
1781,Panel 801598501,3,2,3,323
1782,Panel 801598601,3,3,4,334
1783,Panel 801598801,4,4,2,442
1784,Panel 801599001,2,3,3,233
1785,Panel 801599201,2,3,2,232
1786,Panel 801599301,2,2,2,222
1787,Panel 801599401,4,4,2,442
1788,Panel 801600101,4,3,2,432
1789,Panel 801600201,3,4,4,344
1790,Panel 801600401,4,3,4,434
1791,Panel 801605301,4,4,3,443
1792,Panel 801605401,4,4,4,444
1793,Panel 801606901,4,2,2,422
1794,Panel 801607301,4,3,4,434
1795,Panel 801609301,4,4,3,443
1796,Panel 801617801,3,2,1,321
1797,Panel 801618101,4,3,3,433
1798,Panel 801618701,2,3,3,233
1799,Panel 801618801,4,4,3,443
1800,Panel 801621501,1,1,1,111
1801,Panel 801623001,3,3,3,333
1802,Panel 801624001,4,4,4,444
1803,Panel 801624301,4,4,3,443
1804,Panel 801624501,1,1,1,111
1805,Panel 801625601,4,2,1,421
1806,Panel 801625701,1,1,1,111
1807,Panel 801626301,1,2,1,121
1808,Panel 801626601,4,3,4,434
1809,Panel 801626701,4,4,3,443
1810,Panel 801628501,4,4,2,442
1811,Panel 801630601,2,1,1,211
1812,Panel 801630701,4,4,1,441
1813,Panel 801632401,2,2,1,221
1814,Panel 801634401,4,4,3,443
1815,Panel 801634601,4,3,1,431
1816,Panel 801635101,4,3,2,432
1817,Panel 801636201,4,4,4,444
1818,Panel 801637901,4,4,4,444
1819,Panel 801638001,4,3,3,433
1820,Panel 801641101,4,4,2,442
1821,Panel 801641801,3,3,3,333
1822,Panel 801641901,1,1,1,111
1823,Panel 801642101,1,1,1,111
1824,Panel 801642601,4,4,3,443
1825,Panel 801643001,4,4,4,444
1826,Panel 801643401,2,3,4,234
1827,Panel 801643801,4,4,3,443
1828,Panel 801644001,4,2,2,422
1829,Panel 801645601,4,4,2,442
1830,Panel 801645701,4,4,3,443
1831,Panel 801651201,4,3,4,434
1832,Panel 801652801,3,3,3,333
1833,Panel 801655601,1,1,1,111
1834,Panel 801657501,4,4,1,441
1835,Panel 801659901,4,4,4,444
1836,Panel 801660101,1,1,1,111
1837,Panel 801663301,3,3,1,331
1838,Panel 801667501,4,4,4,444
1839,Panel 801667701,2,3,4,234
1840,Panel 801667901,4,3,2,432
1841,Panel 801668001,4,3,1,431
1842,Panel 801669701,1,1,1,111
1843,Panel 801675201,4,4,4,444
1844,Panel 801675701,1,2,1,121
1845,Panel 801676001,4,4,4,444
1846,Panel 801677201,4,4,4,444
1847,Panel 801680001,4,4,3,443
1848,Panel 801683601,3,1,1,311
1849,Panel 801687701,4,4,4,444
1850,Panel 801687801,4,4,1,441
1851,Panel 801687901,4,2,3,423
1852,Panel 801690801,4,4,3,443
1853,Panel 801691801,4,4,4,444
1854,Panel 801692401,4,4,3,443
1855,Panel 801692601,4,4,3,443
1856,Panel 801697201,4,4,4,444
1857,Panel 801697701,2,1,1,211
1858,Panel 801697801,4,4,2,442
1859,Panel 801698001,1,1,1,111
1860,Panel 801698201,2,2,2,222
1861,Panel 801707701,4,3,1,431
1862,Panel 801708501,4,4,3,443
1863,Panel 801708701,4,2,3,423
1864,Panel 801709301,4,4,3,443
1865,Panel 801711901,4,3,1,431
1866,Panel 801712201,4,3,2,432
1867,Panel 801714001,4,3,4,434
1868,Panel 801714101,4,3,2,432
1869,Panel 801714201,4,4,4,444
1870,Panel 801714301,4,4,4,444
1871,Panel 801714501,2,3,1,231
1872,Panel 801714901,1,1,1,111
1873,Panel 801715201,2,2,2,222
1874,Panel 801715701,4,4,3,443
1875,Panel 801716101,4,3,1,431
1876,Panel 801722101,4,2,4,424
1877,Panel 801722301,1,2,2,122
1878,Panel 801726901,3,1,1,311
1879,Panel 801729801,4,4,2,442
1880,Panel 801733101,3,1,1,311
1881,Panel 801734101,4,4,2,442
1882,Panel 801735301,4,3,4,434
1883,Panel 801739401,4,4,2,442
1884,Panel 801741301,4,3,4,434
1885,Panel 801742001,4,2,1,421
1886,Panel 801742201,4,3,4,434
1887,Panel 801743401,4,3,2,432
1888,Panel 801744101,4,2,1,421
1889,Panel 801744201,4,2,1,421
1890,Panel 801744401,4,4,3,443
1891,Panel 801744701,3,3,3,333
1892,Panel 801744801,2,1,1,211
1893,Panel 801749701,1,3,3,133
1894,Panel 801768301,4,4,2,442
1895,Panel 801768501,4,3,1,431
1896,Panel 801768601,3,3,4,334
1897,Panel 801768801,4,2,3,423
1898,Panel 801769201,4,4,4,444
1899,Panel 801769401,4,3,2,432
1900,Panel 801770401,2,1,1,211
1901,Panel 801774801,4,4,2,442
1902,Panel 801780301,3,2,1,321
1903,Panel 801780401,4,4,1,441
1904,Panel 801780601,4,2,2,422
1905,Panel 801781101,1,1,1,111
1906,Panel 801787801,4,2,1,421
1907,Panel 801791001,4,4,3,443
1908,Panel 801792301,4,4,3,443
1909,Panel 801792401,4,2,1,421
1910,Panel 801792601,4,4,4,444
1911,Panel 801792801,4,3,1,431
1912,Panel 801796501,4,2,3,423
1913,Panel 801798501,2,3,3,233
1914,Panel 801800301,1,1,1,111
1915,Panel 801800801,3,4,4,344
1916,Panel 801800901,4,3,2,432
1917,Panel 801801801,2,2,1,221
1918,Panel 801801901,4,4,3,443
1919,Panel 801802101,4,4,4,444
1920,Panel 801802201,4,4,3,443
1921,Panel 801802401,4,4,2,442
1922,Panel 801802501,3,2,1,321
1923,Panel 801802701,3,2,3,323
1924,Panel 801804101,4,4,1,441
1925,Panel 801808901,2,2,2,222
1926,Panel 801810301,4,2,2,422
1927,Panel 801811601,4,4,1,441
1928,Panel 801811901,2,2,2,222
1929,Panel 801812301,4,4,4,444
1930,Panel 801812601,3,3,2,332
1931,Panel 801812701,4,4,4,444
1932,Panel 801813501,4,4,4,444
1933,Panel 801813701,4,3,3,433
1934,Panel 801815001,4,3,4,434
1935,Panel 801820701,1,1,1,111
1936,Panel 801822001,4,2,2,422
1937,Panel 801822301,4,4,4,444
1938,Panel 801822601,4,4,4,444
1939,Panel 801826001,2,3,1,231
1940,Panel 801829301,2,1,1,211
1941,Panel 801829501,3,2,2,322
1942,Panel 801829801,4,1,1,411
1943,Panel 801830001,4,4,3,443
1944,Panel 801832601,4,2,1,421
1945,Panel 801839201,1,1,1,111
1946,Panel 801840401,4,4,4,444
1947,Panel 801840701,4,3,2,432
1948,Panel 801843301,1,2,2,122
1949,Panel 801843601,4,4,4,444
1950,Panel 801843701,4,2,1,421
1951,Panel 801844901,4,4,4,444
1952,Panel 801853901,4,3,2,432
1953,Panel 801858101,4,2,3,423
1954,Panel 801858201,4,4,1,441
1955,Panel 801863301,2,1,1,211
1956,Panel 801864001,4,4,2,442
1957,Panel 801865101,1,1,1,111
1958,Panel 801865301,1,2,1,121
1959,Panel 801869401,1,2,2,122
1960,Panel 801869701,4,3,3,433
1961,Panel 801871301,4,3,2,432
1962,Panel 801874701,2,1,1,211
1963,Panel 801880801,3,3,4,334
1964,Panel 801881001,3,1,1,311
1965,Panel 801891101,4,4,2,442
1966,Panel 801893001,2,2,4,224
1967,Panel 801899801,4,3,4,434
1968,Panel 801900301,4,3,2,432
1969,Panel 801900701,2,1,1,211
1970,Panel 801901201,4,3,2,432
1971,Panel 801903801,4,3,1,431
